{"cameraMode":{"drawMode":0,"name":"Shaded","section":"Shading Mode"},"sceneLighting":false,"audioPlay":false,"sceneViewState":{"showFog":true,"showMaterialUpdate":false,"showSkybox":true,"showFlares":true,"showImageEffects":true,"showParticleSystems":true},"in2DMode":false,"pivot":{"x":26.03329086303711,"y":6.596225738525391,"z":27.60358428955078},"rotation":{"x":-0.15519574284553529,"y":0.15548326075077058,"z":-0.024742325767874719,"w":-0.9752588272094727},"size":7.0042338371276859,"orthographic":false}